sample_kind,valid_end_utc,valid_end_local,temperature_valid_start_local,temperature_c,temperature_status,temperature_valid_start_utc,weather_valid_start_local,weather_code,weather_code_status,weather_valid_start_utc,snow_forecast_status,weather_description_de
live_capture,2026-10-02T21:00:00Z,2026-10-02T23:00:00+02:00,2026-10-02T22:00:00+02:00,15.1,available,2026-10-02T20:00:00Z,2026-10-02T20:00:00+02:00,,missing,2026-10-02T18:00:00Z,unknown,Kein Wettercode verfügbar
live_capture,2026-10-02T22:00:00Z,2026-10-03T00:00:00+02:00,2026-10-02T23:00:00+02:00,14.8,available,2026-10-02T21:00:00Z,2026-10-02T21:00:00+02:00,,missing,2026-10-02T19:00:00Z,unknown,Kein Wettercode verfügbar
live_capture,2026-10-02T23:00:00Z,2026-10-03T01:00:00+02:00,2026-10-03T00:00:00+02:00,14.1,available,2026-10-02T22:00:00Z,2026-10-02T22:00:00+02:00,,missing,2026-10-02T20:00:00Z,unknown,Kein Wettercode verfügbar
live_capture,2026-10-03T00:00:00Z,2026-10-03T02:00:00+02:00,2026-10-03T01:00:00+02:00,13.5,available,2026-10-02T23:00:00Z,2026-10-02T23:00:00+02:00,101,available,2026-10-02T21:00:00Z,not_indicated,Sonne oder Wolken; kein Niederschlag im Symbol
live_capture,2026-10-03T01:00:00Z,2026-10-03T03:00:00+02:00,2026-10-03T02:00:00+02:00,12.4,available,2026-10-03T00:00:00Z,2026-10-03T00:00:00+02:00,101,available,2026-10-02T22:00:00Z,not_indicated,Sonne oder Wolken; kein Niederschlag im Symbol
live_capture,2026-10-03T02:00:00Z,2026-10-03T04:00:00+02:00,2026-10-03T03:00:00+02:00,11.6,available,2026-10-03T01:00:00Z,2026-10-03T01:00:00+02:00,101,available,2026-10-02T23:00:00Z,not_indicated,Sonne oder Wolken; kein Niederschlag im Symbol
live_capture,2026-10-03T03:00:00Z,2026-10-03T05:00:00+02:00,2026-10-03T04:00:00+02:00,11.2,available,2026-10-03T02:00:00Z,2026-10-03T02:00:00+02:00,101,available,2026-10-03T00:00:00Z,not_indicated,Sonne oder Wolken; kein Niederschlag im Symbol
live_capture,2026-10-03T04:00:00Z,2026-10-03T06:00:00+02:00,2026-10-03T05:00:00+02:00,10.7,available,2026-10-03T03:00:00Z,2026-10-03T03:00:00+02:00,101,available,2026-10-03T01:00:00Z,not_indicated,Sonne oder Wolken; kein Niederschlag im Symbol
live_capture,2026-10-03T05:00:00Z,2026-10-03T07:00:00+02:00,2026-10-03T06:00:00+02:00,10.3,available,2026-10-03T04:00:00Z,2026-10-03T04:00:00+02:00,127,available,2026-10-03T02:00:00Z,not_indicated,Nebel oder Hochnebel
live_capture,2026-10-03T06:00:00Z,2026-10-03T08:00:00+02:00,2026-10-03T07:00:00+02:00,10.0,available,2026-10-03T05:00:00Z,2026-10-03T05:00:00+02:00,127,available,2026-10-03T03:00:00Z,not_indicated,Nebel oder Hochnebel
live_capture,2026-10-03T07:00:00Z,2026-10-03T09:00:00+02:00,2026-10-03T08:00:00+02:00,11.2,available,2026-10-03T06:00:00Z,2026-10-03T06:00:00+02:00,127,available,2026-10-03T04:00:00Z,not_indicated,Nebel oder Hochnebel
live_capture,2026-10-03T08:00:00Z,2026-10-03T10:00:00+02:00,2026-10-03T09:00:00+02:00,13.1,available,2026-10-03T07:00:00Z,2026-10-03T07:00:00+02:00,27,available,2026-10-03T05:00:00Z,not_indicated,Nebel oder Hochnebel
live_capture,2026-10-03T09:00:00Z,2026-10-03T11:00:00+02:00,2026-10-03T10:00:00+02:00,14.5,available,2026-10-03T08:00:00Z,2026-10-03T08:00:00+02:00,26,available,2026-10-03T06:00:00Z,not_indicated,Sonne oder Wolken; kein Niederschlag im Symbol
live_capture,2026-10-03T10:00:00Z,2026-10-03T12:00:00+02:00,2026-10-03T11:00:00+02:00,16.5,available,2026-10-03T09:00:00Z,2026-10-03T09:00:00+02:00,26,available,2026-10-03T07:00:00Z,not_indicated,Sonne oder Wolken; kein Niederschlag im Symbol
live_capture,2026-10-03T11:00:00Z,2026-10-03T13:00:00+02:00,2026-10-03T12:00:00+02:00,18.6,available,2026-10-03T10:00:00Z,2026-10-03T10:00:00+02:00,1,available,2026-10-03T08:00:00Z,not_indicated,Sonne oder Wolken; kein Niederschlag im Symbol
live_capture,2026-10-03T12:00:00Z,2026-10-03T14:00:00+02:00,2026-10-03T13:00:00+02:00,21.4,available,2026-10-03T11:00:00Z,2026-10-03T11:00:00+02:00,1,available,2026-10-03T09:00:00Z,not_indicated,Sonne oder Wolken; kein Niederschlag im Symbol
live_capture,2026-10-03T13:00:00Z,2026-10-03T15:00:00+02:00,2026-10-03T14:00:00+02:00,22.3,available,2026-10-03T12:00:00Z,2026-10-03T12:00:00+02:00,1,available,2026-10-03T10:00:00Z,not_indicated,Sonne oder Wolken; kein Niederschlag im Symbol
live_capture,2026-10-03T14:00:00Z,2026-10-03T16:00:00+02:00,2026-10-03T15:00:00+02:00,22.8,available,2026-10-03T13:00:00Z,2026-10-03T13:00:00+02:00,1,available,2026-10-03T11:00:00Z,not_indicated,Sonne oder Wolken; kein Niederschlag im Symbol
live_capture,2026-10-03T15:00:00Z,2026-10-03T17:00:00+02:00,2026-10-03T16:00:00+02:00,22.7,available,2026-10-03T14:00:00Z,2026-10-03T14:00:00+02:00,1,available,2026-10-03T12:00:00Z,not_indicated,Sonne oder Wolken; kein Niederschlag im Symbol
live_capture,2026-10-03T16:00:00Z,2026-10-03T18:00:00+02:00,2026-10-03T17:00:00+02:00,22.0,available,2026-10-03T15:00:00Z,2026-10-03T15:00:00+02:00,26,available,2026-10-03T13:00:00Z,not_indicated,Sonne oder Wolken; kein Niederschlag im Symbol
live_capture,2026-10-03T17:00:00Z,2026-10-03T19:00:00+02:00,2026-10-03T18:00:00+02:00,20.9,available,2026-10-03T16:00:00Z,2026-10-03T16:00:00+02:00,26,available,2026-10-03T14:00:00Z,not_indicated,Sonne oder Wolken; kein Niederschlag im Symbol
live_capture,2026-10-03T18:00:00Z,2026-10-03T20:00:00+02:00,2026-10-03T19:00:00+02:00,19.5,available,2026-10-03T17:00:00Z,2026-10-03T17:00:00+02:00,26,available,2026-10-03T15:00:00Z,not_indicated,Sonne oder Wolken; kein Niederschlag im Symbol
live_capture,2026-10-03T19:00:00Z,2026-10-03T21:00:00+02:00,2026-10-03T20:00:00+02:00,18.1,available,2026-10-03T18:00:00Z,2026-10-03T18:00:00+02:00,126,available,2026-10-03T16:00:00Z,not_indicated,Sonne oder Wolken; kein Niederschlag im Symbol
live_capture,2026-10-03T20:00:00Z,2026-10-03T22:00:00+02:00,2026-10-03T21:00:00+02:00,16.8,available,2026-10-03T19:00:00Z,2026-10-03T19:00:00+02:00,126,available,2026-10-03T17:00:00Z,not_indicated,Sonne oder Wolken; kein Niederschlag im Symbol
live_capture,2026-10-03T21:00:00Z,2026-10-03T23:00:00+02:00,2026-10-03T22:00:00+02:00,15.6,available,2026-10-03T20:00:00Z,2026-10-03T20:00:00+02:00,102,available,2026-10-03T18:00:00Z,not_indicated,Sonne oder Wolken; kein Niederschlag im Symbol
live_capture,2026-10-03T22:00:00Z,2026-10-04T00:00:00+02:00,2026-10-03T23:00:00+02:00,14.7,available,2026-10-03T21:00:00Z,2026-10-03T21:00:00+02:00,102,available,2026-10-03T19:00:00Z,not_indicated,Sonne oder Wolken; kein Niederschlag im Symbol
live_capture,2026-10-03T23:00:00Z,2026-10-04T01:00:00+02:00,2026-10-04T00:00:00+02:00,13.9,available,2026-10-03T22:00:00Z,2026-10-03T22:00:00+02:00,102,available,2026-10-03T20:00:00Z,not_indicated,Sonne oder Wolken; kein Niederschlag im Symbol
live_capture,2026-10-04T00:00:00Z,2026-10-04T02:00:00+02:00,2026-10-04T01:00:00+02:00,13.4,available,2026-10-03T23:00:00Z,2026-10-03T23:00:00+02:00,102,available,2026-10-03T21:00:00Z,not_indicated,Sonne oder Wolken; kein Niederschlag im Symbol
live_capture,2026-10-04T01:00:00Z,2026-10-04T03:00:00+02:00,2026-10-04T02:00:00+02:00,12.9,available,2026-10-04T00:00:00Z,2026-10-04T00:00:00+02:00,103,available,2026-10-03T22:00:00Z,not_indicated,Sonne oder Wolken; kein Niederschlag im Symbol
live_capture,2026-10-04T02:00:00Z,2026-10-04T04:00:00+02:00,2026-10-04T03:00:00+02:00,12.6,available,2026-10-04T01:00:00Z,2026-10-04T01:00:00+02:00,103,available,2026-10-03T23:00:00Z,not_indicated,Sonne oder Wolken; kein Niederschlag im Symbol
live_capture,2026-10-04T03:00:00Z,2026-10-04T05:00:00+02:00,2026-10-04T04:00:00+02:00,12.4,available,2026-10-04T02:00:00Z,2026-10-04T02:00:00+02:00,103,available,2026-10-04T00:00:00Z,not_indicated,Sonne oder Wolken; kein Niederschlag im Symbol
live_capture,2026-10-04T04:00:00Z,2026-10-04T06:00:00+02:00,2026-10-04T05:00:00+02:00,12.4,available,2026-10-04T03:00:00Z,2026-10-04T03:00:00+02:00,103,available,2026-10-04T01:00:00Z,not_indicated,Sonne oder Wolken; kein Niederschlag im Symbol
live_capture,2026-10-04T05:00:00Z,2026-10-04T07:00:00+02:00,2026-10-04T06:00:00+02:00,12.6,available,2026-10-04T04:00:00Z,2026-10-04T04:00:00+02:00,103,available,2026-10-04T02:00:00Z,not_indicated,Sonne oder Wolken; kein Niederschlag im Symbol
live_capture,2026-10-04T06:00:00Z,2026-10-04T08:00:00+02:00,2026-10-04T07:00:00+02:00,13.1,available,2026-10-04T05:00:00Z,2026-10-04T05:00:00+02:00,103,available,2026-10-04T03:00:00Z,not_indicated,Sonne oder Wolken; kein Niederschlag im Symbol
live_capture,2026-10-04T07:00:00Z,2026-10-04T09:00:00+02:00,2026-10-04T08:00:00+02:00,14.0,available,2026-10-04T06:00:00Z,2026-10-04T06:00:00+02:00,103,available,2026-10-04T04:00:00Z,not_indicated,Sonne oder Wolken; kein Niederschlag im Symbol
live_capture,2026-10-04T08:00:00Z,2026-10-04T10:00:00+02:00,2026-10-04T09:00:00+02:00,15.2,available,2026-10-04T07:00:00Z,2026-10-04T07:00:00+02:00,3,available,2026-10-04T05:00:00Z,not_indicated,Sonne oder Wolken; kein Niederschlag im Symbol
live_capture,2026-10-04T09:00:00Z,2026-10-04T11:00:00+02:00,2026-10-04T10:00:00+02:00,16.6,available,2026-10-04T08:00:00Z,2026-10-04T08:00:00+02:00,3,available,2026-10-04T06:00:00Z,not_indicated,Sonne oder Wolken; kein Niederschlag im Symbol
live_capture,2026-10-04T10:00:00Z,2026-10-04T12:00:00+02:00,2026-10-04T11:00:00+02:00,18.1,available,2026-10-04T09:00:00Z,2026-10-04T09:00:00+02:00,3,available,2026-10-04T07:00:00Z,not_indicated,Sonne oder Wolken; kein Niederschlag im Symbol
live_capture,2026-10-04T11:00:00Z,2026-10-04T13:00:00+02:00,2026-10-04T12:00:00+02:00,19.6,available,2026-10-04T10:00:00Z,2026-10-04T10:00:00+02:00,26,available,2026-10-04T08:00:00Z,not_indicated,Sonne oder Wolken; kein Niederschlag im Symbol
live_capture,2026-10-04T12:00:00Z,2026-10-04T14:00:00+02:00,2026-10-04T13:00:00+02:00,20.9,available,2026-10-04T11:00:00Z,2026-10-04T11:00:00+02:00,26,available,2026-10-04T09:00:00Z,not_indicated,Sonne oder Wolken; kein Niederschlag im Symbol
live_capture,2026-10-04T13:00:00Z,2026-10-04T15:00:00+02:00,2026-10-04T14:00:00+02:00,21.8,available,2026-10-04T12:00:00Z,2026-10-04T12:00:00+02:00,26,available,2026-10-04T10:00:00Z,not_indicated,Sonne oder Wolken; kein Niederschlag im Symbol
live_capture,2026-10-04T14:00:00Z,2026-10-04T16:00:00+02:00,2026-10-04T15:00:00+02:00,22.2,available,2026-10-04T13:00:00Z,2026-10-04T13:00:00+02:00,26,available,2026-10-04T11:00:00Z,not_indicated,Sonne oder Wolken; kein Niederschlag im Symbol
live_capture,2026-10-04T15:00:00Z,2026-10-04T17:00:00+02:00,2026-10-04T16:00:00+02:00,22.1,available,2026-10-04T14:00:00Z,2026-10-04T14:00:00+02:00,26,available,2026-10-04T12:00:00Z,not_indicated,Sonne oder Wolken; kein Niederschlag im Symbol
live_capture,2026-10-04T16:00:00Z,2026-10-04T18:00:00+02:00,2026-10-04T17:00:00+02:00,21.5,available,2026-10-04T15:00:00Z,2026-10-04T15:00:00+02:00,26,available,2026-10-04T13:00:00Z,not_indicated,Sonne oder Wolken; kein Niederschlag im Symbol
live_capture,2026-10-04T17:00:00Z,2026-10-04T19:00:00+02:00,2026-10-04T18:00:00+02:00,20.6,available,2026-10-04T16:00:00Z,2026-10-04T16:00:00+02:00,3,available,2026-10-04T14:00:00Z,not_indicated,Sonne oder Wolken; kein Niederschlag im Symbol
live_capture,2026-10-04T18:00:00Z,2026-10-04T20:00:00+02:00,2026-10-04T19:00:00+02:00,19.4,available,2026-10-04T17:00:00Z,2026-10-04T17:00:00+02:00,3,available,2026-10-04T15:00:00Z,not_indicated,Sonne oder Wolken; kein Niederschlag im Symbol
live_capture,2026-10-04T19:00:00Z,2026-10-04T21:00:00+02:00,2026-10-04T20:00:00+02:00,18.2,available,2026-10-04T18:00:00Z,2026-10-04T18:00:00+02:00,103,available,2026-10-04T16:00:00Z,not_indicated,Sonne oder Wolken; kein Niederschlag im Symbol
live_capture,2026-10-04T20:00:00Z,2026-10-04T22:00:00+02:00,2026-10-04T21:00:00+02:00,17.0,available,2026-10-04T19:00:00Z,2026-10-04T19:00:00+02:00,103,available,2026-10-04T17:00:00Z,not_indicated,Sonne oder Wolken; kein Niederschlag im Symbol
live_capture,2026-10-04T21:00:00Z,2026-10-04T23:00:00+02:00,2026-10-04T22:00:00+02:00,16.0,available,2026-10-04T20:00:00Z,2026-10-04T20:00:00+02:00,103,available,2026-10-04T18:00:00Z,not_indicated,Sonne oder Wolken; kein Niederschlag im Symbol
live_capture,2026-10-04T22:00:00Z,2026-10-05T00:00:00+02:00,2026-10-04T23:00:00+02:00,15.1,available,2026-10-04T21:00:00Z,2026-10-04T21:00:00+02:00,102,available,2026-10-04T19:00:00Z,not_indicated,Sonne oder Wolken; kein Niederschlag im Symbol
live_capture,2026-10-04T23:00:00Z,2026-10-05T01:00:00+02:00,2026-10-05T00:00:00+02:00,14.3,available,2026-10-04T22:00:00Z,2026-10-04T22:00:00+02:00,102,available,2026-10-04T20:00:00Z,not_indicated,Sonne oder Wolken; kein Niederschlag im Symbol
live_capture,2026-10-05T00:00:00Z,2026-10-05T02:00:00+02:00,2026-10-05T01:00:00+02:00,13.7,available,2026-10-04T23:00:00Z,2026-10-04T23:00:00+02:00,102,available,2026-10-04T21:00:00Z,not_indicated,Sonne oder Wolken; kein Niederschlag im Symbol
live_capture,2026-10-05T01:00:00Z,2026-10-05T03:00:00+02:00,2026-10-05T02:00:00+02:00,13.1,available,2026-10-05T00:00:00Z,2026-10-05T00:00:00+02:00,102,available,2026-10-04T22:00:00Z,not_indicated,Sonne oder Wolken; kein Niederschlag im Symbol
live_capture,2026-10-05T02:00:00Z,2026-10-05T04:00:00+02:00,2026-10-05T03:00:00+02:00,12.7,available,2026-10-05T01:00:00Z,2026-10-05T01:00:00+02:00,102,available,2026-10-04T23:00:00Z,not_indicated,Sonne oder Wolken; kein Niederschlag im Symbol
live_capture,2026-10-05T03:00:00Z,2026-10-05T05:00:00+02:00,2026-10-05T04:00:00+02:00,12.4,available,2026-10-05T02:00:00Z,2026-10-05T02:00:00+02:00,102,available,2026-10-05T00:00:00Z,not_indicated,Sonne oder Wolken; kein Niederschlag im Symbol
live_capture,2026-10-05T04:00:00Z,2026-10-05T06:00:00+02:00,2026-10-05T05:00:00+02:00,12.4,available,2026-10-05T03:00:00Z,2026-10-05T03:00:00+02:00,102,available,2026-10-05T01:00:00Z,not_indicated,Sonne oder Wolken; kein Niederschlag im Symbol
live_capture,2026-10-05T05:00:00Z,2026-10-05T07:00:00+02:00,2026-10-05T06:00:00+02:00,12.7,available,2026-10-05T04:00:00Z,2026-10-05T04:00:00+02:00,102,available,2026-10-05T02:00:00Z,not_indicated,Sonne oder Wolken; kein Niederschlag im Symbol
live_capture,2026-10-05T06:00:00Z,2026-10-05T08:00:00+02:00,2026-10-05T07:00:00+02:00,13.3,available,2026-10-05T05:00:00Z,2026-10-05T05:00:00+02:00,102,available,2026-10-05T03:00:00Z,not_indicated,Sonne oder Wolken; kein Niederschlag im Symbol
live_capture,2026-10-05T07:00:00Z,2026-10-05T09:00:00+02:00,2026-10-05T08:00:00+02:00,14.3,available,2026-10-05T06:00:00Z,2026-10-05T06:00:00+02:00,102,available,2026-10-05T04:00:00Z,not_indicated,Sonne oder Wolken; kein Niederschlag im Symbol
live_capture,2026-10-05T08:00:00Z,2026-10-05T10:00:00+02:00,2026-10-05T09:00:00+02:00,15.7,available,2026-10-05T07:00:00Z,2026-10-05T07:00:00+02:00,2,available,2026-10-05T05:00:00Z,not_indicated,Sonne oder Wolken; kein Niederschlag im Symbol
live_capture,2026-10-05T09:00:00Z,2026-10-05T11:00:00+02:00,2026-10-05T10:00:00+02:00,17.2,available,2026-10-05T08:00:00Z,2026-10-05T08:00:00+02:00,2,available,2026-10-05T06:00:00Z,not_indicated,Sonne oder Wolken; kein Niederschlag im Symbol
live_capture,2026-10-05T10:00:00Z,2026-10-05T12:00:00+02:00,2026-10-05T11:00:00+02:00,18.8,available,2026-10-05T09:00:00Z,2026-10-05T09:00:00+02:00,2,available,2026-10-05T07:00:00Z,not_indicated,Sonne oder Wolken; kein Niederschlag im Symbol
live_capture,2026-10-05T11:00:00Z,2026-10-05T13:00:00+02:00,2026-10-05T12:00:00+02:00,20.4,available,2026-10-05T10:00:00Z,2026-10-05T10:00:00+02:00,1,available,2026-10-05T08:00:00Z,not_indicated,Sonne oder Wolken; kein Niederschlag im Symbol
live_capture,2026-10-05T12:00:00Z,2026-10-05T14:00:00+02:00,2026-10-05T13:00:00+02:00,21.6,available,2026-10-05T11:00:00Z,2026-10-05T11:00:00+02:00,1,available,2026-10-05T09:00:00Z,not_indicated,Sonne oder Wolken; kein Niederschlag im Symbol
live_capture,2026-10-05T13:00:00Z,2026-10-05T15:00:00+02:00,2026-10-05T14:00:00+02:00,22.4,available,2026-10-05T12:00:00Z,2026-10-05T12:00:00+02:00,1,available,2026-10-05T10:00:00Z,not_indicated,Sonne oder Wolken; kein Niederschlag im Symbol
live_capture,2026-10-05T14:00:00Z,2026-10-05T16:00:00+02:00,2026-10-05T15:00:00+02:00,22.7,available,2026-10-05T13:00:00Z,2026-10-05T13:00:00+02:00,1,available,2026-10-05T11:00:00Z,not_indicated,Sonne oder Wolken; kein Niederschlag im Symbol
live_capture,2026-10-05T15:00:00Z,2026-10-05T17:00:00+02:00,2026-10-05T16:00:00+02:00,22.5,available,2026-10-05T14:00:00Z,2026-10-05T14:00:00+02:00,1,available,2026-10-05T12:00:00Z,not_indicated,Sonne oder Wolken; kein Niederschlag im Symbol
live_capture,2026-10-05T16:00:00Z,2026-10-05T18:00:00+02:00,2026-10-05T17:00:00+02:00,21.8,available,2026-10-05T15:00:00Z,2026-10-05T15:00:00+02:00,1,available,2026-10-05T13:00:00Z,not_indicated,Sonne oder Wolken; kein Niederschlag im Symbol
live_capture,2026-10-05T17:00:00Z,2026-10-05T19:00:00+02:00,2026-10-05T18:00:00+02:00,20.7,available,2026-10-05T16:00:00Z,2026-10-05T16:00:00+02:00,1,available,2026-10-05T14:00:00Z,not_indicated,Sonne oder Wolken; kein Niederschlag im Symbol
live_capture,2026-10-05T18:00:00Z,2026-10-05T20:00:00+02:00,2026-10-05T19:00:00+02:00,19.4,available,2026-10-05T17:00:00Z,2026-10-05T17:00:00+02:00,1,available,2026-10-05T15:00:00Z,not_indicated,Sonne oder Wolken; kein Niederschlag im Symbol
live_capture,2026-10-05T19:00:00Z,2026-10-05T21:00:00+02:00,2026-10-05T20:00:00+02:00,17.9,available,2026-10-05T18:00:00Z,2026-10-05T18:00:00+02:00,101,available,2026-10-05T16:00:00Z,not_indicated,Sonne oder Wolken; kein Niederschlag im Symbol
live_capture,2026-10-05T20:00:00Z,2026-10-05T22:00:00+02:00,2026-10-05T21:00:00+02:00,16.5,available,2026-10-05T19:00:00Z,2026-10-05T19:00:00+02:00,101,available,2026-10-05T17:00:00Z,not_indicated,Sonne oder Wolken; kein Niederschlag im Symbol
live_capture,2026-10-05T21:00:00Z,2026-10-05T23:00:00+02:00,2026-10-05T22:00:00+02:00,15.3,available,2026-10-05T20:00:00Z,2026-10-05T20:00:00+02:00,101,available,2026-10-05T18:00:00Z,not_indicated,Sonne oder Wolken; kein Niederschlag im Symbol
live_capture,2026-10-05T22:00:00Z,2026-10-06T00:00:00+02:00,2026-10-05T23:00:00+02:00,14.2,available,2026-10-05T21:00:00Z,2026-10-05T21:00:00+02:00,101,available,2026-10-05T19:00:00Z,not_indicated,Sonne oder Wolken; kein Niederschlag im Symbol
live_capture,2026-10-05T23:00:00Z,2026-10-06T01:00:00+02:00,2026-10-06T00:00:00+02:00,13.4,available,2026-10-05T22:00:00Z,2026-10-05T22:00:00+02:00,101,available,2026-10-05T20:00:00Z,not_indicated,Sonne oder Wolken; kein Niederschlag im Symbol
live_capture,2026-10-06T00:00:00Z,2026-10-06T02:00:00+02:00,2026-10-06T01:00:00+02:00,12.7,available,2026-10-05T23:00:00Z,2026-10-05T23:00:00+02:00,101,available,2026-10-05T21:00:00Z,not_indicated,Sonne oder Wolken; kein Niederschlag im Symbol
live_capture,2026-10-06T01:00:00Z,2026-10-06T03:00:00+02:00,2026-10-06T02:00:00+02:00,12.1,available,2026-10-06T00:00:00Z,2026-10-06T00:00:00+02:00,101,available,2026-10-05T22:00:00Z,not_indicated,Sonne oder Wolken; kein Niederschlag im Symbol
live_capture,2026-10-06T02:00:00Z,2026-10-06T04:00:00+02:00,2026-10-06T03:00:00+02:00,11.7,available,2026-10-06T01:00:00Z,2026-10-06T01:00:00+02:00,101,available,2026-10-05T23:00:00Z,not_indicated,Sonne oder Wolken; kein Niederschlag im Symbol
live_capture,2026-10-06T03:00:00Z,2026-10-06T05:00:00+02:00,2026-10-06T04:00:00+02:00,11.4,available,2026-10-06T02:00:00Z,2026-10-06T02:00:00+02:00,101,available,2026-10-06T00:00:00Z,not_indicated,Sonne oder Wolken; kein Niederschlag im Symbol
live_capture,2026-10-06T04:00:00Z,2026-10-06T06:00:00+02:00,2026-10-06T05:00:00+02:00,11.4,available,2026-10-06T03:00:00Z,2026-10-06T03:00:00+02:00,101,available,2026-10-06T01:00:00Z,not_indicated,Sonne oder Wolken; kein Niederschlag im Symbol
live_capture,2026-10-06T05:00:00Z,2026-10-06T07:00:00+02:00,2026-10-06T06:00:00+02:00,11.8,available,2026-10-06T04:00:00Z,2026-10-06T04:00:00+02:00,101,available,2026-10-06T02:00:00Z,not_indicated,Sonne oder Wolken; kein Niederschlag im Symbol
live_capture,2026-10-06T06:00:00Z,2026-10-06T08:00:00+02:00,2026-10-06T07:00:00+02:00,12.6,available,2026-10-06T05:00:00Z,2026-10-06T05:00:00+02:00,101,available,2026-10-06T03:00:00Z,not_indicated,Sonne oder Wolken; kein Niederschlag im Symbol
live_capture,2026-10-06T07:00:00Z,2026-10-06T09:00:00+02:00,2026-10-06T08:00:00+02:00,13.8,available,2026-10-06T06:00:00Z,2026-10-06T06:00:00+02:00,101,available,2026-10-06T04:00:00Z,not_indicated,Sonne oder Wolken; kein Niederschlag im Symbol
live_capture,2026-10-06T08:00:00Z,2026-10-06T10:00:00+02:00,2026-10-06T09:00:00+02:00,15.4,available,2026-10-06T07:00:00Z,2026-10-06T07:00:00+02:00,1,available,2026-10-06T05:00:00Z,not_indicated,Sonne oder Wolken; kein Niederschlag im Symbol
live_capture,2026-10-06T09:00:00Z,2026-10-06T11:00:00+02:00,2026-10-06T10:00:00+02:00,17.2,available,2026-10-06T08:00:00Z,2026-10-06T08:00:00+02:00,1,available,2026-10-06T06:00:00Z,not_indicated,Sonne oder Wolken; kein Niederschlag im Symbol
live_capture,2026-10-06T10:00:00Z,2026-10-06T12:00:00+02:00,2026-10-06T11:00:00+02:00,18.9,available,2026-10-06T09:00:00Z,2026-10-06T09:00:00+02:00,1,available,2026-10-06T07:00:00Z,not_indicated,Sonne oder Wolken; kein Niederschlag im Symbol
live_capture,2026-10-06T11:00:00Z,2026-10-06T13:00:00+02:00,2026-10-06T12:00:00+02:00,20.5,available,2026-10-06T10:00:00Z,2026-10-06T10:00:00+02:00,1,available,2026-10-06T08:00:00Z,not_indicated,Sonne oder Wolken; kein Niederschlag im Symbol
live_capture,2026-10-06T12:00:00Z,2026-10-06T14:00:00+02:00,2026-10-06T13:00:00+02:00,21.8,available,2026-10-06T11:00:00Z,2026-10-06T11:00:00+02:00,1,available,2026-10-06T09:00:00Z,not_indicated,Sonne oder Wolken; kein Niederschlag im Symbol
live_capture,2026-10-06T13:00:00Z,2026-10-06T15:00:00+02:00,2026-10-06T14:00:00+02:00,22.6,available,2026-10-06T12:00:00Z,2026-10-06T12:00:00+02:00,1,available,2026-10-06T10:00:00Z,not_indicated,Sonne oder Wolken; kein Niederschlag im Symbol
live_capture,2026-10-06T14:00:00Z,2026-10-06T16:00:00+02:00,2026-10-06T15:00:00+02:00,22.8,available,2026-10-06T13:00:00Z,2026-10-06T13:00:00+02:00,1,available,2026-10-06T11:00:00Z,not_indicated,Sonne oder Wolken; kein Niederschlag im Symbol
live_capture,2026-10-06T15:00:00Z,2026-10-06T17:00:00+02:00,2026-10-06T16:00:00+02:00,22.5,available,2026-10-06T14:00:00Z,2026-10-06T14:00:00+02:00,1,available,2026-10-06T12:00:00Z,not_indicated,Sonne oder Wolken; kein Niederschlag im Symbol
live_capture,2026-10-06T16:00:00Z,2026-10-06T18:00:00+02:00,2026-10-06T17:00:00+02:00,21.8,available,2026-10-06T15:00:00Z,2026-10-06T15:00:00+02:00,1,available,2026-10-06T13:00:00Z,not_indicated,Sonne oder Wolken; kein Niederschlag im Symbol
live_capture,2026-10-06T17:00:00Z,2026-10-06T19:00:00+02:00,2026-10-06T18:00:00+02:00,20.7,available,2026-10-06T16:00:00Z,2026-10-06T16:00:00+02:00,1,available,2026-10-06T14:00:00Z,not_indicated,Sonne oder Wolken; kein Niederschlag im Symbol
live_capture,2026-10-06T18:00:00Z,2026-10-06T20:00:00+02:00,2026-10-06T19:00:00+02:00,19.4,available,2026-10-06T17:00:00Z,2026-10-06T17:00:00+02:00,1,available,2026-10-06T15:00:00Z,not_indicated,Sonne oder Wolken; kein Niederschlag im Symbol
live_capture,2026-10-06T19:00:00Z,2026-10-06T21:00:00+02:00,2026-10-06T20:00:00+02:00,18.0,available,2026-10-06T18:00:00Z,2026-10-06T18:00:00+02:00,101,available,2026-10-06T16:00:00Z,not_indicated,Sonne oder Wolken; kein Niederschlag im Symbol
live_capture,2026-10-06T20:00:00Z,2026-10-06T22:00:00+02:00,2026-10-06T21:00:00+02:00,16.6,available,2026-10-06T19:00:00Z,2026-10-06T19:00:00+02:00,101,available,2026-10-06T17:00:00Z,not_indicated,Sonne oder Wolken; kein Niederschlag im Symbol
live_capture,2026-10-06T21:00:00Z,2026-10-06T23:00:00+02:00,2026-10-06T22:00:00+02:00,15.4,available,2026-10-06T20:00:00Z,2026-10-06T20:00:00+02:00,101,available,2026-10-06T18:00:00Z,not_indicated,Sonne oder Wolken; kein Niederschlag im Symbol
live_capture,2026-10-06T22:00:00Z,2026-10-07T00:00:00+02:00,2026-10-06T23:00:00+02:00,14.4,available,2026-10-06T21:00:00Z,2026-10-06T21:00:00+02:00,102,available,2026-10-06T19:00:00Z,not_indicated,Sonne oder Wolken; kein Niederschlag im Symbol
live_capture,2026-10-06T23:00:00Z,2026-10-07T01:00:00+02:00,2026-10-07T00:00:00+02:00,13.5,available,2026-10-06T22:00:00Z,2026-10-06T22:00:00+02:00,102,available,2026-10-06T20:00:00Z,not_indicated,Sonne oder Wolken; kein Niederschlag im Symbol
live_capture,2026-10-07T00:00:00Z,2026-10-07T02:00:00+02:00,2026-10-07T01:00:00+02:00,12.8,available,2026-10-06T23:00:00Z,2026-10-06T23:00:00+02:00,102,available,2026-10-06T21:00:00Z,not_indicated,Sonne oder Wolken; kein Niederschlag im Symbol
live_capture,2026-10-07T01:00:00Z,2026-10-07T03:00:00+02:00,2026-10-07T02:00:00+02:00,12.3,available,2026-10-07T00:00:00Z,2026-10-07T00:00:00+02:00,103,available,2026-10-06T22:00:00Z,not_indicated,Sonne oder Wolken; kein Niederschlag im Symbol
live_capture,2026-10-07T02:00:00Z,2026-10-07T04:00:00+02:00,2026-10-07T03:00:00+02:00,12.1,available,2026-10-07T01:00:00Z,2026-10-07T01:00:00+02:00,103,available,2026-10-06T23:00:00Z,not_indicated,Sonne oder Wolken; kein Niederschlag im Symbol
live_capture,2026-10-07T03:00:00Z,2026-10-07T05:00:00+02:00,2026-10-07T04:00:00+02:00,12.1,available,2026-10-07T02:00:00Z,2026-10-07T02:00:00+02:00,103,available,2026-10-07T00:00:00Z,not_indicated,Sonne oder Wolken; kein Niederschlag im Symbol
live_capture,2026-10-07T04:00:00Z,2026-10-07T06:00:00+02:00,2026-10-07T05:00:00+02:00,12.4,available,2026-10-07T03:00:00Z,2026-10-07T03:00:00+02:00,103,available,2026-10-07T01:00:00Z,not_indicated,Sonne oder Wolken; kein Niederschlag im Symbol
live_capture,2026-10-07T05:00:00Z,2026-10-07T07:00:00+02:00,2026-10-07T06:00:00+02:00,13.1,available,2026-10-07T04:00:00Z,2026-10-07T04:00:00+02:00,103,available,2026-10-07T02:00:00Z,not_indicated,Sonne oder Wolken; kein Niederschlag im Symbol
live_capture,2026-10-07T06:00:00Z,2026-10-07T08:00:00+02:00,2026-10-07T07:00:00+02:00,14.1,available,2026-10-07T05:00:00Z,2026-10-07T05:00:00+02:00,103,available,2026-10-07T03:00:00Z,not_indicated,Sonne oder Wolken; kein Niederschlag im Symbol
live_capture,2026-10-07T07:00:00Z,2026-10-07T09:00:00+02:00,2026-10-07T08:00:00+02:00,15.4,available,2026-10-07T06:00:00Z,2026-10-07T06:00:00+02:00,104,available,2026-10-07T04:00:00Z,not_indicated,Sonne oder Wolken; kein Niederschlag im Symbol
live_capture,2026-10-07T08:00:00Z,2026-10-07T10:00:00+02:00,2026-10-07T09:00:00+02:00,17.0,available,2026-10-07T07:00:00Z,2026-10-07T07:00:00+02:00,4,available,2026-10-07T05:00:00Z,not_indicated,Sonne oder Wolken; kein Niederschlag im Symbol
live_capture,2026-10-07T09:00:00Z,2026-10-07T11:00:00+02:00,2026-10-07T10:00:00+02:00,18.5,available,2026-10-07T08:00:00Z,2026-10-07T08:00:00+02:00,3,available,2026-10-07T06:00:00Z,not_indicated,Sonne oder Wolken; kein Niederschlag im Symbol
live_capture,2026-10-07T10:00:00Z,2026-10-07T12:00:00+02:00,2026-10-07T11:00:00+02:00,19.9,available,2026-10-07T09:00:00Z,2026-10-07T09:00:00+02:00,3,available,2026-10-07T07:00:00Z,not_indicated,Sonne oder Wolken; kein Niederschlag im Symbol
live_capture,2026-10-07T11:00:00Z,2026-10-07T13:00:00+02:00,2026-10-07T12:00:00+02:00,21.0,available,2026-10-07T10:00:00Z,2026-10-07T10:00:00+02:00,3,available,2026-10-07T08:00:00Z,not_indicated,Sonne oder Wolken; kein Niederschlag im Symbol
live_capture,2026-10-07T12:00:00Z,2026-10-07T14:00:00+02:00,2026-10-07T13:00:00+02:00,21.7,available,2026-10-07T11:00:00Z,2026-10-07T11:00:00+02:00,3,available,2026-10-07T09:00:00Z,not_indicated,Sonne oder Wolken; kein Niederschlag im Symbol
live_capture,2026-10-07T13:00:00Z,2026-10-07T15:00:00+02:00,2026-10-07T14:00:00+02:00,22.0,available,2026-10-07T12:00:00Z,2026-10-07T12:00:00+02:00,3,available,2026-10-07T10:00:00Z,not_indicated,Sonne oder Wolken; kein Niederschlag im Symbol
live_capture,2026-10-07T14:00:00Z,2026-10-07T16:00:00+02:00,2026-10-07T15:00:00+02:00,21.9,available,2026-10-07T13:00:00Z,2026-10-07T13:00:00+02:00,5,available,2026-10-07T11:00:00Z,not_indicated,Sonne oder Wolken; kein Niederschlag im Symbol
live_capture,2026-10-07T15:00:00Z,2026-10-07T17:00:00+02:00,2026-10-07T16:00:00+02:00,21.4,available,2026-10-07T14:00:00Z,2026-10-07T14:00:00+02:00,35,available,2026-10-07T12:00:00Z,not_indicated,Sonne oder Wolken; kein Niederschlag im Symbol
live_capture,2026-10-07T16:00:00Z,2026-10-07T18:00:00+02:00,2026-10-07T17:00:00+02:00,20.7,available,2026-10-07T15:00:00Z,2026-10-07T15:00:00+02:00,5,available,2026-10-07T13:00:00Z,not_indicated,Sonne oder Wolken; kein Niederschlag im Symbol
live_capture,2026-10-07T17:00:00Z,2026-10-07T19:00:00+02:00,2026-10-07T18:00:00+02:00,19.8,available,2026-10-07T16:00:00Z,2026-10-07T16:00:00+02:00,5,available,2026-10-07T14:00:00Z,not_indicated,Sonne oder Wolken; kein Niederschlag im Symbol
live_capture,2026-10-07T18:00:00Z,2026-10-07T20:00:00+02:00,2026-10-07T19:00:00+02:00,18.8,available,2026-10-07T17:00:00Z,2026-10-07T17:00:00+02:00,5,available,2026-10-07T15:00:00Z,not_indicated,Sonne oder Wolken; kein Niederschlag im Symbol
live_capture,2026-10-07T19:00:00Z,2026-10-07T21:00:00+02:00,2026-10-07T20:00:00+02:00,17.9,available,2026-10-07T18:00:00Z,2026-10-07T18:00:00+02:00,114,available,2026-10-07T16:00:00Z,not_indicated,Regen oder Regenschauer
live_capture,2026-10-07T20:00:00Z,2026-10-07T22:00:00+02:00,2026-10-07T21:00:00+02:00,17.0,available,2026-10-07T19:00:00Z,2026-10-07T19:00:00+02:00,114,available,2026-10-07T17:00:00Z,not_indicated,Regen oder Regenschauer
live_capture,2026-10-07T21:00:00Z,2026-10-07T23:00:00+02:00,2026-10-07T22:00:00+02:00,16.2,available,2026-10-07T20:00:00Z,2026-10-07T20:00:00+02:00,114,available,2026-10-07T18:00:00Z,not_indicated,Regen oder Regenschauer
live_capture,2026-10-07T22:00:00Z,2026-10-08T00:00:00+02:00,2026-10-07T23:00:00+02:00,15.6,available,2026-10-07T21:00:00Z,2026-10-07T21:00:00+02:00,117,available,2026-10-07T19:00:00Z,not_indicated,Regen oder Regenschauer
live_capture,2026-10-07T23:00:00Z,2026-10-08T01:00:00+02:00,2026-10-08T00:00:00+02:00,15.1,available,2026-10-07T22:00:00Z,2026-10-07T22:00:00+02:00,117,available,2026-10-07T20:00:00Z,not_indicated,Regen oder Regenschauer
live_capture,2026-10-08T00:00:00Z,2026-10-08T02:00:00+02:00,2026-10-08T01:00:00+02:00,14.7,available,2026-10-07T23:00:00Z,2026-10-07T23:00:00+02:00,117,available,2026-10-07T21:00:00Z,not_indicated,Regen oder Regenschauer
live_capture,2026-10-08T01:00:00Z,2026-10-08T03:00:00+02:00,2026-10-08T02:00:00+02:00,14.4,available,2026-10-08T00:00:00Z,2026-10-08T00:00:00+02:00,117,available,2026-10-07T22:00:00Z,not_indicated,Regen oder Regenschauer
live_capture,2026-10-08T02:00:00Z,2026-10-08T04:00:00+02:00,2026-10-08T03:00:00+02:00,14.2,available,2026-10-08T01:00:00Z,2026-10-08T01:00:00+02:00,117,available,2026-10-07T23:00:00Z,not_indicated,Regen oder Regenschauer
live_capture,2026-10-08T03:00:00Z,2026-10-08T05:00:00+02:00,2026-10-08T04:00:00+02:00,14.0,available,2026-10-08T02:00:00Z,2026-10-08T02:00:00+02:00,117,available,2026-10-08T00:00:00Z,not_indicated,Regen oder Regenschauer
live_capture,2026-10-08T04:00:00Z,2026-10-08T06:00:00+02:00,2026-10-08T05:00:00+02:00,14.1,available,2026-10-08T03:00:00Z,2026-10-08T03:00:00+02:00,117,available,2026-10-08T01:00:00Z,not_indicated,Regen oder Regenschauer
live_capture,2026-10-08T05:00:00Z,2026-10-08T07:00:00+02:00,2026-10-08T06:00:00+02:00,14.4,available,2026-10-08T04:00:00Z,2026-10-08T04:00:00+02:00,117,available,2026-10-08T02:00:00Z,not_indicated,Regen oder Regenschauer
live_capture,2026-10-08T06:00:00Z,2026-10-08T08:00:00+02:00,2026-10-08T07:00:00+02:00,14.9,available,2026-10-08T05:00:00Z,2026-10-08T05:00:00+02:00,117,available,2026-10-08T03:00:00Z,not_indicated,Regen oder Regenschauer
live_capture,2026-10-08T07:00:00Z,2026-10-08T09:00:00+02:00,2026-10-08T08:00:00+02:00,15.5,available,2026-10-08T06:00:00Z,2026-10-08T06:00:00+02:00,117,available,2026-10-08T04:00:00Z,not_indicated,Regen oder Regenschauer
live_capture,2026-10-08T08:00:00Z,2026-10-08T10:00:00+02:00,2026-10-08T09:00:00+02:00,16.0,available,2026-10-08T07:00:00Z,2026-10-08T07:00:00+02:00,17,available,2026-10-08T05:00:00Z,not_indicated,Regen oder Regenschauer
live_capture,2026-10-08T09:00:00Z,2026-10-08T11:00:00+02:00,2026-10-08T10:00:00+02:00,16.3,available,2026-10-08T08:00:00Z,2026-10-08T08:00:00+02:00,17,available,2026-10-08T06:00:00Z,not_indicated,Regen oder Regenschauer
live_capture,2026-10-08T10:00:00Z,2026-10-08T12:00:00+02:00,2026-10-08T11:00:00+02:00,16.3,available,2026-10-08T09:00:00Z,2026-10-08T09:00:00+02:00,17,available,2026-10-08T07:00:00Z,not_indicated,Regen oder Regenschauer
live_capture,2026-10-08T11:00:00Z,2026-10-08T13:00:00+02:00,2026-10-08T12:00:00+02:00,16.2,available,2026-10-08T10:00:00Z,2026-10-08T10:00:00+02:00,17,available,2026-10-08T08:00:00Z,not_indicated,Regen oder Regenschauer
live_capture,2026-10-08T12:00:00Z,2026-10-08T14:00:00+02:00,2026-10-08T13:00:00+02:00,15.9,available,2026-10-08T11:00:00Z,2026-10-08T11:00:00+02:00,14,available,2026-10-08T09:00:00Z,not_indicated,Regen oder Regenschauer
live_capture,2026-10-08T13:00:00Z,2026-10-08T15:00:00+02:00,2026-10-08T14:00:00+02:00,15.4,available,2026-10-08T12:00:00Z,2026-10-08T12:00:00+02:00,14,available,2026-10-08T10:00:00Z,not_indicated,Regen oder Regenschauer
live_capture,2026-10-08T14:00:00Z,2026-10-08T16:00:00+02:00,2026-10-08T15:00:00+02:00,14.7,available,2026-10-08T13:00:00Z,2026-10-08T13:00:00+02:00,14,available,2026-10-08T11:00:00Z,not_indicated,Regen oder Regenschauer
live_capture,2026-10-08T15:00:00Z,2026-10-08T17:00:00+02:00,2026-10-08T16:00:00+02:00,13.9,available,2026-10-08T14:00:00Z,2026-10-08T14:00:00+02:00,5,available,2026-10-08T12:00:00Z,not_indicated,Sonne oder Wolken; kein Niederschlag im Symbol
live_capture,2026-10-08T16:00:00Z,2026-10-08T18:00:00+02:00,2026-10-08T17:00:00+02:00,13.1,available,2026-10-08T15:00:00Z,2026-10-08T15:00:00+02:00,14,available,2026-10-08T13:00:00Z,not_indicated,Regen oder Regenschauer
live_capture,2026-10-08T17:00:00Z,2026-10-08T19:00:00+02:00,2026-10-08T18:00:00+02:00,12.2,available,2026-10-08T16:00:00Z,2026-10-08T16:00:00+02:00,14,available,2026-10-08T14:00:00Z,not_indicated,Regen oder Regenschauer
live_capture,2026-10-08T18:00:00Z,2026-10-08T20:00:00+02:00,2026-10-08T19:00:00+02:00,11.4,available,2026-10-08T17:00:00Z,2026-10-08T17:00:00+02:00,5,available,2026-10-08T15:00:00Z,not_indicated,Sonne oder Wolken; kein Niederschlag im Symbol
live_capture,2026-10-08T19:00:00Z,2026-10-08T21:00:00+02:00,2026-10-08T20:00:00+02:00,10.7,available,2026-10-08T18:00:00Z,2026-10-08T18:00:00+02:00,106,available,2026-10-08T16:00:00Z,not_indicated,Regen oder Regenschauer
live_capture,2026-10-08T20:00:00Z,2026-10-08T22:00:00+02:00,2026-10-08T21:00:00+02:00,10.1,available,2026-10-08T19:00:00Z,2026-10-08T19:00:00+02:00,106,available,2026-10-08T17:00:00Z,not_indicated,Regen oder Regenschauer
live_capture,2026-10-08T21:00:00Z,2026-10-08T23:00:00+02:00,2026-10-08T22:00:00+02:00,9.7,available,2026-10-08T20:00:00Z,2026-10-08T20:00:00+02:00,103,available,2026-10-08T18:00:00Z,not_indicated,Sonne oder Wolken; kein Niederschlag im Symbol
live_capture,2026-10-08T22:00:00Z,2026-10-09T00:00:00+02:00,2026-10-08T23:00:00+02:00,9.2,available,2026-10-08T21:00:00Z,2026-10-08T21:00:00+02:00,104,available,2026-10-08T19:00:00Z,not_indicated,Sonne oder Wolken; kein Niederschlag im Symbol
live_capture,2026-10-08T23:00:00Z,2026-10-09T01:00:00+02:00,2026-10-09T00:00:00+02:00,8.8,available,2026-10-08T22:00:00Z,2026-10-08T22:00:00+02:00,104,available,2026-10-08T20:00:00Z,not_indicated,Sonne oder Wolken; kein Niederschlag im Symbol
live_capture,2026-10-09T00:00:00Z,2026-10-09T02:00:00+02:00,2026-10-09T01:00:00+02:00,8.5,available,2026-10-08T23:00:00Z,2026-10-08T23:00:00+02:00,103,available,2026-10-08T21:00:00Z,not_indicated,Sonne oder Wolken; kein Niederschlag im Symbol
live_capture,2026-10-09T01:00:00Z,2026-10-09T03:00:00+02:00,2026-10-09T02:00:00+02:00,8.2,available,2026-10-09T00:00:00Z,2026-10-09T00:00:00+02:00,106,available,2026-10-08T22:00:00Z,not_indicated,Regen oder Regenschauer
live_capture,2026-10-09T02:00:00Z,2026-10-09T04:00:00+02:00,2026-10-09T03:00:00+02:00,7.9,available,2026-10-09T01:00:00Z,2026-10-09T01:00:00+02:00,106,available,2026-10-08T23:00:00Z,not_indicated,Regen oder Regenschauer
live_capture,2026-10-09T03:00:00Z,2026-10-09T05:00:00+02:00,2026-10-09T04:00:00+02:00,7.7,available,2026-10-09T02:00:00Z,2026-10-09T02:00:00+02:00,106,available,2026-10-09T00:00:00Z,not_indicated,Regen oder Regenschauer
live_capture,2026-10-09T04:00:00Z,2026-10-09T06:00:00+02:00,2026-10-09T05:00:00+02:00,7.7,available,2026-10-09T03:00:00Z,2026-10-09T03:00:00+02:00,106,available,2026-10-09T01:00:00Z,not_indicated,Regen oder Regenschauer
live_capture,2026-10-09T05:00:00Z,2026-10-09T07:00:00+02:00,2026-10-09T06:00:00+02:00,7.8,available,2026-10-09T04:00:00Z,2026-10-09T04:00:00+02:00,104,available,2026-10-09T02:00:00Z,not_indicated,Sonne oder Wolken; kein Niederschlag im Symbol
live_capture,2026-10-09T06:00:00Z,2026-10-09T08:00:00+02:00,2026-10-09T07:00:00+02:00,8.2,available,2026-10-09T05:00:00Z,2026-10-09T05:00:00+02:00,103,available,2026-10-09T03:00:00Z,not_indicated,Sonne oder Wolken; kein Niederschlag im Symbol
live_capture,2026-10-09T07:00:00Z,2026-10-09T09:00:00+02:00,2026-10-09T08:00:00+02:00,8.8,available,2026-10-09T06:00:00Z,2026-10-09T06:00:00+02:00,104,available,2026-10-09T04:00:00Z,not_indicated,Sonne oder Wolken; kein Niederschlag im Symbol
live_capture,2026-10-09T08:00:00Z,2026-10-09T10:00:00+02:00,2026-10-09T09:00:00+02:00,9.6,available,2026-10-09T07:00:00Z,2026-10-09T07:00:00+02:00,4,available,2026-10-09T05:00:00Z,not_indicated,Sonne oder Wolken; kein Niederschlag im Symbol
live_capture,2026-10-09T09:00:00Z,2026-10-09T11:00:00+02:00,2026-10-09T10:00:00+02:00,10.4,available,2026-10-09T08:00:00Z,2026-10-09T08:00:00+02:00,3,available,2026-10-09T06:00:00Z,not_indicated,Sonne oder Wolken; kein Niederschlag im Symbol
live_capture,2026-10-09T10:00:00Z,2026-10-09T12:00:00+02:00,2026-10-09T11:00:00+02:00,11.2,available,2026-10-09T09:00:00Z,2026-10-09T09:00:00+02:00,3,available,2026-10-09T07:00:00Z,not_indicated,Sonne oder Wolken; kein Niederschlag im Symbol
live_capture,2026-10-09T11:00:00Z,2026-10-09T13:00:00+02:00,2026-10-09T12:00:00+02:00,11.9,available,2026-10-09T10:00:00Z,2026-10-09T10:00:00+02:00,3,available,2026-10-09T08:00:00Z,not_indicated,Sonne oder Wolken; kein Niederschlag im Symbol
live_capture,2026-10-09T12:00:00Z,2026-10-09T14:00:00+02:00,2026-10-09T13:00:00+02:00,12.5,available,2026-10-09T11:00:00Z,2026-10-09T11:00:00+02:00,3,available,2026-10-09T09:00:00Z,not_indicated,Sonne oder Wolken; kein Niederschlag im Symbol
live_capture,2026-10-09T13:00:00Z,2026-10-09T15:00:00+02:00,2026-10-09T14:00:00+02:00,12.7,available,2026-10-09T12:00:00Z,2026-10-09T12:00:00+02:00,3,available,2026-10-09T10:00:00Z,not_indicated,Sonne oder Wolken; kein Niederschlag im Symbol
live_capture,2026-10-09T14:00:00Z,2026-10-09T16:00:00+02:00,2026-10-09T15:00:00+02:00,12.8,available,2026-10-09T13:00:00Z,2026-10-09T13:00:00+02:00,3,available,2026-10-09T11:00:00Z,not_indicated,Sonne oder Wolken; kein Niederschlag im Symbol
live_capture,2026-10-09T15:00:00Z,2026-10-09T17:00:00+02:00,2026-10-09T16:00:00+02:00,12.6,available,2026-10-09T14:00:00Z,2026-10-09T14:00:00+02:00,3,available,2026-10-09T12:00:00Z,not_indicated,Sonne oder Wolken; kein Niederschlag im Symbol
live_capture,2026-10-09T16:00:00Z,2026-10-09T18:00:00+02:00,2026-10-09T17:00:00+02:00,12.2,available,2026-10-09T15:00:00Z,2026-10-09T15:00:00+02:00,3,available,2026-10-09T13:00:00Z,not_indicated,Sonne oder Wolken; kein Niederschlag im Symbol
live_capture,2026-10-09T17:00:00Z,2026-10-09T19:00:00+02:00,2026-10-09T18:00:00+02:00,11.6,available,2026-10-09T16:00:00Z,2026-10-09T16:00:00+02:00,3,available,2026-10-09T14:00:00Z,not_indicated,Sonne oder Wolken; kein Niederschlag im Symbol
live_capture,2026-10-09T18:00:00Z,2026-10-09T20:00:00+02:00,2026-10-09T19:00:00+02:00,11.0,available,2026-10-09T17:00:00Z,2026-10-09T17:00:00+02:00,3,available,2026-10-09T15:00:00Z,not_indicated,Sonne oder Wolken; kein Niederschlag im Symbol
live_capture,2026-10-09T19:00:00Z,2026-10-09T21:00:00+02:00,2026-10-09T20:00:00+02:00,10.4,available,2026-10-09T18:00:00Z,2026-10-09T18:00:00+02:00,103,available,2026-10-09T16:00:00Z,not_indicated,Sonne oder Wolken; kein Niederschlag im Symbol
live_capture,2026-10-09T20:00:00Z,2026-10-09T22:00:00+02:00,2026-10-09T21:00:00+02:00,9.8,available,2026-10-09T19:00:00Z,2026-10-09T19:00:00+02:00,103,available,2026-10-09T17:00:00Z,not_indicated,Sonne oder Wolken; kein Niederschlag im Symbol
live_capture,2026-10-09T21:00:00Z,2026-10-09T23:00:00+02:00,2026-10-09T22:00:00+02:00,9.2,available,2026-10-09T20:00:00Z,2026-10-09T20:00:00+02:00,103,available,2026-10-09T18:00:00Z,not_indicated,Sonne oder Wolken; kein Niederschlag im Symbol
live_capture,2026-10-09T22:00:00Z,2026-10-10T00:00:00+02:00,2026-10-09T23:00:00+02:00,8.7,available,2026-10-09T21:00:00Z,2026-10-09T21:00:00+02:00,103,available,2026-10-09T19:00:00Z,not_indicated,Sonne oder Wolken; kein Niederschlag im Symbol
live_capture,2026-10-09T23:00:00Z,2026-10-10T01:00:00+02:00,2026-10-10T00:00:00+02:00,8.2,available,2026-10-09T22:00:00Z,2026-10-09T22:00:00+02:00,103,available,2026-10-09T20:00:00Z,not_indicated,Sonne oder Wolken; kein Niederschlag im Symbol
live_capture,2026-10-10T00:00:00Z,2026-10-10T02:00:00+02:00,2026-10-10T01:00:00+02:00,7.7,available,2026-10-09T23:00:00Z,2026-10-09T23:00:00+02:00,103,available,2026-10-09T21:00:00Z,not_indicated,Sonne oder Wolken; kein Niederschlag im Symbol
live_capture,2026-10-10T01:00:00Z,2026-10-10T03:00:00+02:00,2026-10-10T02:00:00+02:00,7.3,available,2026-10-10T00:00:00Z,2026-10-10T00:00:00+02:00,103,available,2026-10-09T22:00:00Z,not_indicated,Sonne oder Wolken; kein Niederschlag im Symbol
live_capture,2026-10-10T02:00:00Z,2026-10-10T04:00:00+02:00,2026-10-10T03:00:00+02:00,7.0,available,2026-10-10T01:00:00Z,2026-10-10T01:00:00+02:00,103,available,2026-10-09T23:00:00Z,not_indicated,Sonne oder Wolken; kein Niederschlag im Symbol
live_capture,2026-10-10T03:00:00Z,2026-10-10T05:00:00+02:00,2026-10-10T04:00:00+02:00,6.8,available,2026-10-10T02:00:00Z,2026-10-10T02:00:00+02:00,103,available,2026-10-10T00:00:00Z,not_indicated,Sonne oder Wolken; kein Niederschlag im Symbol
live_capture,2026-10-10T04:00:00Z,2026-10-10T06:00:00+02:00,2026-10-10T05:00:00+02:00,6.9,available,2026-10-10T03:00:00Z,2026-10-10T03:00:00+02:00,103,available,2026-10-10T01:00:00Z,not_indicated,Sonne oder Wolken; kein Niederschlag im Symbol
live_capture,2026-10-10T05:00:00Z,2026-10-10T07:00:00+02:00,2026-10-10T06:00:00+02:00,7.3,available,2026-10-10T04:00:00Z,2026-10-10T04:00:00+02:00,103,available,2026-10-10T02:00:00Z,not_indicated,Sonne oder Wolken; kein Niederschlag im Symbol
live_capture,2026-10-10T06:00:00Z,2026-10-10T08:00:00+02:00,2026-10-10T07:00:00+02:00,8.0,available,2026-10-10T05:00:00Z,2026-10-10T05:00:00+02:00,103,available,2026-10-10T03:00:00Z,not_indicated,Sonne oder Wolken; kein Niederschlag im Symbol
live_capture,2026-10-10T07:00:00Z,2026-10-10T09:00:00+02:00,2026-10-10T08:00:00+02:00,8.9,available,2026-10-10T06:00:00Z,2026-10-10T06:00:00+02:00,103,available,2026-10-10T04:00:00Z,not_indicated,Sonne oder Wolken; kein Niederschlag im Symbol
live_capture,2026-10-10T08:00:00Z,2026-10-10T10:00:00+02:00,2026-10-10T09:00:00+02:00,10.0,available,2026-10-10T07:00:00Z,2026-10-10T07:00:00+02:00,3,available,2026-10-10T05:00:00Z,not_indicated,Sonne oder Wolken; kein Niederschlag im Symbol
live_capture,2026-10-10T09:00:00Z,2026-10-10T11:00:00+02:00,2026-10-10T10:00:00+02:00,11.1,available,2026-10-10T08:00:00Z,2026-10-10T08:00:00+02:00,3,available,2026-10-10T06:00:00Z,not_indicated,Sonne oder Wolken; kein Niederschlag im Symbol
live_capture,2026-10-10T10:00:00Z,2026-10-10T12:00:00+02:00,2026-10-10T11:00:00+02:00,12.2,available,2026-10-10T09:00:00Z,2026-10-10T09:00:00+02:00,3,available,2026-10-10T07:00:00Z,not_indicated,Sonne oder Wolken; kein Niederschlag im Symbol
live_capture,2026-10-10T11:00:00Z,2026-10-10T13:00:00+02:00,2026-10-10T12:00:00+02:00,13.1,available,2026-10-10T10:00:00Z,2026-10-10T10:00:00+02:00,3,available,2026-10-10T08:00:00Z,not_indicated,Sonne oder Wolken; kein Niederschlag im Symbol
live_capture,2026-10-10T12:00:00Z,2026-10-10T14:00:00+02:00,2026-10-10T13:00:00+02:00,13.7,available,2026-10-10T11:00:00Z,2026-10-10T11:00:00+02:00,3,available,2026-10-10T09:00:00Z,not_indicated,Sonne oder Wolken; kein Niederschlag im Symbol
live_capture,2026-10-10T13:00:00Z,2026-10-10T15:00:00+02:00,2026-10-10T14:00:00+02:00,14.1,available,2026-10-10T12:00:00Z,2026-10-10T12:00:00+02:00,3,available,2026-10-10T10:00:00Z,not_indicated,Sonne oder Wolken; kein Niederschlag im Symbol
live_capture,2026-10-10T14:00:00Z,2026-10-10T16:00:00+02:00,2026-10-10T15:00:00+02:00,14.1,available,2026-10-10T13:00:00Z,2026-10-10T13:00:00+02:00,3,available,2026-10-10T11:00:00Z,not_indicated,Sonne oder Wolken; kein Niederschlag im Symbol
live_capture,2026-10-10T15:00:00Z,2026-10-10T17:00:00+02:00,2026-10-10T16:00:00+02:00,13.9,available,2026-10-10T14:00:00Z,2026-10-10T14:00:00+02:00,3,available,2026-10-10T12:00:00Z,not_indicated,Sonne oder Wolken; kein Niederschlag im Symbol
live_capture,2026-10-10T16:00:00Z,2026-10-10T18:00:00+02:00,2026-10-10T17:00:00+02:00,13.5,available,2026-10-10T15:00:00Z,2026-10-10T15:00:00+02:00,3,available,2026-10-10T13:00:00Z,not_indicated,Sonne oder Wolken; kein Niederschlag im Symbol
live_capture,2026-10-10T17:00:00Z,2026-10-10T19:00:00+02:00,2026-10-10T18:00:00+02:00,12.9,available,2026-10-10T16:00:00Z,2026-10-10T16:00:00+02:00,3,available,2026-10-10T14:00:00Z,not_indicated,Sonne oder Wolken; kein Niederschlag im Symbol
live_capture,2026-10-10T18:00:00Z,2026-10-10T20:00:00+02:00,2026-10-10T19:00:00+02:00,12.2,available,2026-10-10T17:00:00Z,2026-10-10T17:00:00+02:00,3,available,2026-10-10T15:00:00Z,not_indicated,Sonne oder Wolken; kein Niederschlag im Symbol
live_capture,2026-10-10T19:00:00Z,2026-10-10T21:00:00+02:00,2026-10-10T20:00:00+02:00,11.5,available,2026-10-10T18:00:00Z,2026-10-10T18:00:00+02:00,103,available,2026-10-10T16:00:00Z,not_indicated,Sonne oder Wolken; kein Niederschlag im Symbol
live_capture,2026-10-10T20:00:00Z,2026-10-10T22:00:00+02:00,2026-10-10T21:00:00+02:00,10.8,available,2026-10-10T19:00:00Z,2026-10-10T19:00:00+02:00,103,available,2026-10-10T17:00:00Z,not_indicated,Sonne oder Wolken; kein Niederschlag im Symbol
live_capture,2026-10-10T21:00:00Z,2026-10-10T23:00:00+02:00,2026-10-10T22:00:00+02:00,10.2,available,2026-10-10T20:00:00Z,2026-10-10T20:00:00+02:00,103,available,2026-10-10T18:00:00Z,not_indicated,Sonne oder Wolken; kein Niederschlag im Symbol
live_capture,2026-10-10T22:00:00Z,2026-10-11T00:00:00+02:00,2026-10-10T23:00:00+02:00,9.7,available,2026-10-10T21:00:00Z,2026-10-10T21:00:00+02:00,103,available,2026-10-10T19:00:00Z,not_indicated,Sonne oder Wolken; kein Niederschlag im Symbol
live_capture,2026-10-10T23:00:00Z,2026-10-11T01:00:00+02:00,2026-10-11T00:00:00+02:00,9.2,available,2026-10-10T22:00:00Z,2026-10-10T22:00:00+02:00,103,available,2026-10-10T20:00:00Z,not_indicated,Sonne oder Wolken; kein Niederschlag im Symbol
live_capture,2026-10-11T00:00:00Z,2026-10-11T02:00:00+02:00,2026-10-11T01:00:00+02:00,8.7,available,2026-10-10T23:00:00Z,2026-10-10T23:00:00+02:00,103,available,2026-10-10T21:00:00Z,not_indicated,Sonne oder Wolken; kein Niederschlag im Symbol
live_capture,2026-10-11T01:00:00Z,2026-10-11T03:00:00+02:00,2026-10-11T02:00:00+02:00,8.3,available,2026-10-11T00:00:00Z,2026-10-11T00:00:00+02:00,104,available,2026-10-10T22:00:00Z,not_indicated,Sonne oder Wolken; kein Niederschlag im Symbol
live_capture,2026-10-11T02:00:00Z,2026-10-11T04:00:00+02:00,2026-10-11T03:00:00+02:00,8.0,available,2026-10-11T01:00:00Z,2026-10-11T01:00:00+02:00,104,available,2026-10-10T23:00:00Z,not_indicated,Sonne oder Wolken; kein Niederschlag im Symbol
live_capture,2026-10-11T03:00:00Z,2026-10-11T05:00:00+02:00,2026-10-11T04:00:00+02:00,7.8,available,2026-10-11T02:00:00Z,2026-10-11T02:00:00+02:00,103,available,2026-10-11T00:00:00Z,not_indicated,Sonne oder Wolken; kein Niederschlag im Symbol
live_capture,2026-10-11T04:00:00Z,2026-10-11T06:00:00+02:00,2026-10-11T05:00:00+02:00,7.9,available,2026-10-11T03:00:00Z,2026-10-11T03:00:00+02:00,103,available,2026-10-11T01:00:00Z,not_indicated,Sonne oder Wolken; kein Niederschlag im Symbol
live_capture,2026-10-11T05:00:00Z,2026-10-11T07:00:00+02:00,2026-10-11T06:00:00+02:00,8.3,available,2026-10-11T04:00:00Z,2026-10-11T04:00:00+02:00,103,available,2026-10-11T02:00:00Z,not_indicated,Sonne oder Wolken; kein Niederschlag im Symbol
live_capture,2026-10-11T06:00:00Z,2026-10-11T08:00:00+02:00,2026-10-11T07:00:00+02:00,9.1,available,2026-10-11T05:00:00Z,2026-10-11T05:00:00+02:00,103,available,2026-10-11T03:00:00Z,not_indicated,Sonne oder Wolken; kein Niederschlag im Symbol
live_capture,2026-10-11T07:00:00Z,2026-10-11T09:00:00+02:00,2026-10-11T08:00:00+02:00,10.1,available,2026-10-11T06:00:00Z,2026-10-11T06:00:00+02:00,103,available,2026-10-11T04:00:00Z,not_indicated,Sonne oder Wolken; kein Niederschlag im Symbol
live_capture,2026-10-11T08:00:00Z,2026-10-11T10:00:00+02:00,2026-10-11T09:00:00+02:00,11.3,available,2026-10-11T07:00:00Z,2026-10-11T07:00:00+02:00,3,available,2026-10-11T05:00:00Z,not_indicated,Sonne oder Wolken; kein Niederschlag im Symbol
live_capture,2026-10-11T09:00:00Z,2026-10-11T11:00:00+02:00,2026-10-11T10:00:00+02:00,12.6,available,2026-10-11T08:00:00Z,2026-10-11T08:00:00+02:00,3,available,2026-10-11T06:00:00Z,not_indicated,Sonne oder Wolken; kein Niederschlag im Symbol
live_capture,2026-10-11T10:00:00Z,2026-10-11T12:00:00+02:00,2026-10-11T11:00:00+02:00,13.8,available,2026-10-11T09:00:00Z,2026-10-11T09:00:00+02:00,3,available,2026-10-11T07:00:00Z,not_indicated,Sonne oder Wolken; kein Niederschlag im Symbol
live_capture,2026-10-11T11:00:00Z,2026-10-11T13:00:00+02:00,2026-10-11T12:00:00+02:00,14.7,available,2026-10-11T10:00:00Z,2026-10-11T10:00:00+02:00,3,available,2026-10-11T08:00:00Z,not_indicated,Sonne oder Wolken; kein Niederschlag im Symbol
live_capture,2026-10-11T12:00:00Z,2026-10-11T14:00:00+02:00,2026-10-11T13:00:00+02:00,15.4,available,2026-10-11T11:00:00Z,2026-10-11T11:00:00+02:00,3,available,2026-10-11T09:00:00Z,not_indicated,Sonne oder Wolken; kein Niederschlag im Symbol
live_capture,2026-10-11T13:00:00Z,2026-10-11T15:00:00+02:00,2026-10-11T14:00:00+02:00,15.6,available,2026-10-11T12:00:00Z,2026-10-11T12:00:00+02:00,3,available,2026-10-11T10:00:00Z,not_indicated,Sonne oder Wolken; kein Niederschlag im Symbol
live_capture,2026-10-11T14:00:00Z,2026-10-11T16:00:00+02:00,2026-10-11T15:00:00+02:00,15.5,available,2026-10-11T13:00:00Z,2026-10-11T13:00:00+02:00,3,available,2026-10-11T11:00:00Z,not_indicated,Sonne oder Wolken; kein Niederschlag im Symbol
live_capture,2026-10-11T15:00:00Z,2026-10-11T17:00:00+02:00,2026-10-11T16:00:00+02:00,15.0,available,2026-10-11T14:00:00Z,2026-10-11T14:00:00+02:00,3,available,2026-10-11T12:00:00Z,not_indicated,Sonne oder Wolken; kein Niederschlag im Symbol
live_capture,2026-10-11T16:00:00Z,2026-10-11T18:00:00+02:00,2026-10-11T17:00:00+02:00,14.2,available,2026-10-11T15:00:00Z,2026-10-11T15:00:00+02:00,2,available,2026-10-11T13:00:00Z,not_indicated,Sonne oder Wolken; kein Niederschlag im Symbol
live_capture,2026-10-11T17:00:00Z,2026-10-11T19:00:00+02:00,2026-10-11T18:00:00+02:00,13.3,available,2026-10-11T16:00:00Z,2026-10-11T16:00:00+02:00,2,available,2026-10-11T14:00:00Z,not_indicated,Sonne oder Wolken; kein Niederschlag im Symbol
live_capture,2026-10-11T18:00:00Z,2026-10-11T20:00:00+02:00,2026-10-11T19:00:00+02:00,12.3,available,2026-10-11T17:00:00Z,2026-10-11T17:00:00+02:00,26,available,2026-10-11T15:00:00Z,not_indicated,Sonne oder Wolken; kein Niederschlag im Symbol
live_capture,2026-10-11T19:00:00Z,2026-10-11T21:00:00+02:00,2026-10-11T20:00:00+02:00,11.3,available,2026-10-11T18:00:00Z,2026-10-11T18:00:00+02:00,126,available,2026-10-11T16:00:00Z,not_indicated,Sonne oder Wolken; kein Niederschlag im Symbol
live_capture,2026-10-11T20:00:00Z,2026-10-11T22:00:00+02:00,2026-10-11T21:00:00+02:00,10.5,available,2026-10-11T19:00:00Z,2026-10-11T19:00:00+02:00,126,available,2026-10-11T17:00:00Z,not_indicated,Sonne oder Wolken; kein Niederschlag im Symbol
live_capture,2026-10-11T21:00:00Z,2026-10-11T23:00:00+02:00,2026-10-11T22:00:00+02:00,9.8,available,2026-10-11T20:00:00Z,2026-10-11T20:00:00+02:00,126,available,2026-10-11T18:00:00Z,not_indicated,Sonne oder Wolken; kein Niederschlag im Symbol
live_capture,2026-10-11T22:00:00Z,2026-10-12T00:00:00+02:00,2026-10-11T23:00:00+02:00,9.2,available,2026-10-11T21:00:00Z,2026-10-11T21:00:00+02:00,102,available,2026-10-11T19:00:00Z,not_indicated,Sonne oder Wolken; kein Niederschlag im Symbol
live_capture,2026-10-11T23:00:00Z,2026-10-12T01:00:00+02:00,2026-10-12T00:00:00+02:00,8.8,available,2026-10-11T22:00:00Z,2026-10-11T22:00:00+02:00,102,available,2026-10-11T20:00:00Z,not_indicated,Sonne oder Wolken; kein Niederschlag im Symbol
live_capture,2026-10-12T00:00:00Z,2026-10-12T02:00:00+02:00,2026-10-12T01:00:00+02:00,8.5,available,2026-10-11T23:00:00Z,2026-10-11T23:00:00+02:00,103,available,2026-10-11T21:00:00Z,not_indicated,Sonne oder Wolken; kein Niederschlag im Symbol
