point_id;point_type_id;date;jww003i0
405600;2;202610030000;101
405600;2;202610030100;101
405600;2;202610030200;101
405600;2;202610030300;101
405600;2;202610030400;101
405600;2;202610030500;127
405600;2;202610030600;127
405600;2;202610030700;127
405600;2;202610030800;27
405600;2;202610030900;26
405600;2;202610031000;26
405600;2;202610031100;1
405600;2;202610031200;1
405600;2;202610031300;1
405600;2;202610031400;1
405600;2;202610031500;1
405600;2;202610031600;26
405600;2;202610031700;26
405600;2;202610031800;26
405600;2;202610031900;126
405600;2;202610032000;126
405600;2;202610032100;102
405600;2;202610032200;102
405600;2;202610032300;102
405600;2;202610040000;102
405600;2;202610040100;103
405600;2;202610040200;103
405600;2;202610040300;103
405600;2;202610040400;103
405600;2;202610040500;103
405600;2;202610040600;103
405600;2;202610040700;103
405600;2;202610040800;3
405600;2;202610040900;3
405600;2;202610041000;3
405600;2;202610041100;26
405600;2;202610041200;26
405600;2;202610041300;26
405600;2;202610041400;26
405600;2;202610041500;26
405600;2;202610041600;26
405600;2;202610041700;3
405600;2;202610041800;3
405600;2;202610041900;103
405600;2;202610042000;103
405600;2;202610042100;103
405600;2;202610042200;102
405600;2;202610042300;102
405600;2;202610050000;102
405600;2;202610050100;102
405600;2;202610050200;102
405600;2;202610050300;102
405600;2;202610050400;102
405600;2;202610050500;102
405600;2;202610050600;102
405600;2;202610050700;102
405600;2;202610050800;2
405600;2;202610050900;2
405600;2;202610051000;2
405600;2;202610051100;1
405600;2;202610051200;1
405600;2;202610051300;1
405600;2;202610051400;1
405600;2;202610051500;1
405600;2;202610051600;1
405600;2;202610051700;1
405600;2;202610051800;1
405600;2;202610051900;101
405600;2;202610052000;101
405600;2;202610052100;101
405600;2;202610052200;101
405600;2;202610052300;101
405600;2;202610060000;101
405600;2;202610060100;101
405600;2;202610060200;101
405600;2;202610060300;101
405600;2;202610060400;101
405600;2;202610060500;101
405600;2;202610060600;101
405600;2;202610060700;101
405600;2;202610060800;1
405600;2;202610060900;1
405600;2;202610061000;1
405600;2;202610061100;1
405600;2;202610061200;1
405600;2;202610061300;1
405600;2;202610061400;1
405600;2;202610061500;1
405600;2;202610061600;1
405600;2;202610061700;1
405600;2;202610061800;1
405600;2;202610061900;101
405600;2;202610062000;101
405600;2;202610062100;101
405600;2;202610062200;102
405600;2;202610062300;102
405600;2;202610070000;102
405600;2;202610070100;103
405600;2;202610070200;103
405600;2;202610070300;103
405600;2;202610070400;103
405600;2;202610070500;103
405600;2;202610070600;103
405600;2;202610070700;104
405600;2;202610070800;4
405600;2;202610070900;3
405600;2;202610071000;3
405600;2;202610071100;3
405600;2;202610071200;3
405600;2;202610071300;3
405600;2;202610071400;5
405600;2;202610071500;35
405600;2;202610071600;5
405600;2;202610071700;5
405600;2;202610071800;5
405600;2;202610071900;114
405600;2;202610072000;114
405600;2;202610072100;114
405600;2;202610072200;117
405600;2;202610072300;117
405600;2;202610080000;117
405600;2;202610080100;117
405600;2;202610080200;117
405600;2;202610080300;117
405600;2;202610080400;117
405600;2;202610080500;117
405600;2;202610080600;117
405600;2;202610080700;117
405600;2;202610080800;17
405600;2;202610080900;17
405600;2;202610081000;17
405600;2;202610081100;17
405600;2;202610081200;14
405600;2;202610081300;14
405600;2;202610081400;14
405600;2;202610081500;5
405600;2;202610081600;14
405600;2;202610081700;14
405600;2;202610081800;5
405600;2;202610081900;106
405600;2;202610082000;106
405600;2;202610082100;103
405600;2;202610082200;104
405600;2;202610082300;104
405600;2;202610090000;103
405600;2;202610090100;106
405600;2;202610090200;106
405600;2;202610090300;106
405600;2;202610090400;106
405600;2;202610090500;104
405600;2;202610090600;103
405600;2;202610090700;104
405600;2;202610090800;4
405600;2;202610090900;3
405600;2;202610091000;3
405600;2;202610091100;3
405600;2;202610091200;3
405600;2;202610091300;3
405600;2;202610091400;3
405600;2;202610091500;3
405600;2;202610091600;3
405600;2;202610091700;3
405600;2;202610091800;3
405600;2;202610091900;103
405600;2;202610092000;103
405600;2;202610092100;103
405600;2;202610092200;103
405600;2;202610092300;103
405600;2;202610100000;103
405600;2;202610100100;103
405600;2;202610100200;103
405600;2;202610100300;103
405600;2;202610100400;103
405600;2;202610100500;103
405600;2;202610100600;103
405600;2;202610100700;103
405600;2;202610100800;3
405600;2;202610100900;3
405600;2;202610101000;3
405600;2;202610101100;3
405600;2;202610101200;3
405600;2;202610101300;3
405600;2;202610101400;3
405600;2;202610101500;3
405600;2;202610101600;3
405600;2;202610101700;3
405600;2;202610101800;3
405600;2;202610101900;103
405600;2;202610102000;103
405600;2;202610102100;103
405600;2;202610102200;103
405600;2;202610102300;103
405600;2;202610110000;103
405600;2;202610110100;104
405600;2;202610110200;104
405600;2;202610110300;103
405600;2;202610110400;103
405600;2;202610110500;103
405600;2;202610110600;103
405600;2;202610110700;103
405600;2;202610110800;3
405600;2;202610110900;3
405600;2;202610111000;3
405600;2;202610111100;3
405600;2;202610111200;3
405600;2;202610111300;3
405600;2;202610111400;3
405600;2;202610111500;3
405600;2;202610111600;2
405600;2;202610111700;2
405600;2;202610111800;26
405600;2;202610111900;126
405600;2;202610112000;126
405600;2;202610112100;126
405600;2;202610112200;102
405600;2;202610112300;102
405600;2;202610120000;103
