point_id;point_type_id;date;tre200h0
405600;2;202610022100;15.1
405600;2;202610022200;14.8
405600;2;202610022300;14.1
405600;2;202610030000;13.5
405600;2;202610030100;12.4
405600;2;202610030200;11.6
405600;2;202610030300;11.2
405600;2;202610030400;10.7
405600;2;202610030500;10.3
405600;2;202610030600;10.0
405600;2;202610030700;11.2
405600;2;202610030800;13.1
405600;2;202610030900;14.5
405600;2;202610031000;16.5
405600;2;202610031100;18.6
405600;2;202610031200;21.4
405600;2;202610031300;22.3
405600;2;202610031400;22.8
405600;2;202610031500;22.7
405600;2;202610031600;22.0
405600;2;202610031700;20.9
405600;2;202610031800;19.5
405600;2;202610031900;18.1
405600;2;202610032000;16.8
405600;2;202610032100;15.6
405600;2;202610032200;14.7
405600;2;202610032300;13.9
405600;2;202610040000;13.4
405600;2;202610040100;12.9
405600;2;202610040200;12.6
405600;2;202610040300;12.4
405600;2;202610040400;12.4
405600;2;202610040500;12.6
405600;2;202610040600;13.1
405600;2;202610040700;14.0
405600;2;202610040800;15.2
405600;2;202610040900;16.6
405600;2;202610041000;18.1
405600;2;202610041100;19.6
405600;2;202610041200;20.9
405600;2;202610041300;21.8
405600;2;202610041400;22.2
405600;2;202610041500;22.1
405600;2;202610041600;21.5
405600;2;202610041700;20.6
405600;2;202610041800;19.4
405600;2;202610041900;18.2
405600;2;202610042000;17.0
405600;2;202610042100;16.0
405600;2;202610042200;15.1
405600;2;202610042300;14.3
405600;2;202610050000;13.7
405600;2;202610050100;13.1
405600;2;202610050200;12.7
405600;2;202610050300;12.4
405600;2;202610050400;12.4
405600;2;202610050500;12.7
405600;2;202610050600;13.3
405600;2;202610050700;14.3
405600;2;202610050800;15.7
405600;2;202610050900;17.2
405600;2;202610051000;18.8
405600;2;202610051100;20.4
405600;2;202610051200;21.6
405600;2;202610051300;22.4
405600;2;202610051400;22.7
405600;2;202610051500;22.5
405600;2;202610051600;21.8
405600;2;202610051700;20.7
405600;2;202610051800;19.4
405600;2;202610051900;17.9
405600;2;202610052000;16.5
405600;2;202610052100;15.3
405600;2;202610052200;14.2
405600;2;202610052300;13.4
405600;2;202610060000;12.7
405600;2;202610060100;12.1
405600;2;202610060200;11.7
405600;2;202610060300;11.4
405600;2;202610060400;11.4
405600;2;202610060500;11.8
405600;2;202610060600;12.6
405600;2;202610060700;13.8
405600;2;202610060800;15.4
405600;2;202610060900;17.2
405600;2;202610061000;18.9
405600;2;202610061100;20.5
405600;2;202610061200;21.8
405600;2;202610061300;22.6
405600;2;202610061400;22.8
405600;2;202610061500;22.5
405600;2;202610061600;21.8
405600;2;202610061700;20.7
405600;2;202610061800;19.4
405600;2;202610061900;18.0
405600;2;202610062000;16.6
405600;2;202610062100;15.4
405600;2;202610062200;14.4
405600;2;202610062300;13.5
405600;2;202610070000;12.8
405600;2;202610070100;12.3
405600;2;202610070200;12.1
405600;2;202610070300;12.1
405600;2;202610070400;12.4
405600;2;202610070500;13.1
405600;2;202610070600;14.1
405600;2;202610070700;15.4
405600;2;202610070800;17.0
405600;2;202610070900;18.5
405600;2;202610071000;19.9
405600;2;202610071100;21.0
405600;2;202610071200;21.7
405600;2;202610071300;22.0
405600;2;202610071400;21.9
405600;2;202610071500;21.4
405600;2;202610071600;20.7
405600;2;202610071700;19.8
405600;2;202610071800;18.8
405600;2;202610071900;17.9
405600;2;202610072000;17.0
405600;2;202610072100;16.2
405600;2;202610072200;15.6
405600;2;202610072300;15.1
405600;2;202610080000;14.7
405600;2;202610080100;14.4
405600;2;202610080200;14.2
405600;2;202610080300;14.0
405600;2;202610080400;14.1
405600;2;202610080500;14.4
405600;2;202610080600;14.9
405600;2;202610080700;15.5
405600;2;202610080800;16.0
405600;2;202610080900;16.3
405600;2;202610081000;16.3
405600;2;202610081100;16.2
405600;2;202610081200;15.9
405600;2;202610081300;15.4
405600;2;202610081400;14.7
405600;2;202610081500;13.9
405600;2;202610081600;13.1
405600;2;202610081700;12.2
405600;2;202610081800;11.4
405600;2;202610081900;10.7
405600;2;202610082000;10.1
405600;2;202610082100;9.7
405600;2;202610082200;9.2
405600;2;202610082300;8.8
405600;2;202610090000;8.5
405600;2;202610090100;8.2
405600;2;202610090200;7.9
405600;2;202610090300;7.7
405600;2;202610090400;7.7
405600;2;202610090500;7.8
405600;2;202610090600;8.2
405600;2;202610090700;8.8
405600;2;202610090800;9.6
405600;2;202610090900;10.4
405600;2;202610091000;11.2
405600;2;202610091100;11.9
405600;2;202610091200;12.5
405600;2;202610091300;12.7
405600;2;202610091400;12.8
405600;2;202610091500;12.6
405600;2;202610091600;12.2
405600;2;202610091700;11.6
405600;2;202610091800;11.0
405600;2;202610091900;10.4
405600;2;202610092000;9.8
405600;2;202610092100;9.2
405600;2;202610092200;8.7
405600;2;202610092300;8.2
405600;2;202610100000;7.7
405600;2;202610100100;7.3
405600;2;202610100200;7.0
405600;2;202610100300;6.8
405600;2;202610100400;6.9
405600;2;202610100500;7.3
405600;2;202610100600;8.0
405600;2;202610100700;8.9
405600;2;202610100800;10.0
405600;2;202610100900;11.1
405600;2;202610101000;12.2
405600;2;202610101100;13.1
405600;2;202610101200;13.7
405600;2;202610101300;14.1
405600;2;202610101400;14.1
405600;2;202610101500;13.9
405600;2;202610101600;13.5
405600;2;202610101700;12.9
405600;2;202610101800;12.2
405600;2;202610101900;11.5
405600;2;202610102000;10.8
405600;2;202610102100;10.2
405600;2;202610102200;9.7
405600;2;202610102300;9.2
405600;2;202610110000;8.7
405600;2;202610110100;8.3
405600;2;202610110200;8.0
405600;2;202610110300;7.8
405600;2;202610110400;7.9
405600;2;202610110500;8.3
405600;2;202610110600;9.1
405600;2;202610110700;10.1
405600;2;202610110800;11.3
405600;2;202610110900;12.6
405600;2;202610111000;13.8
405600;2;202610111100;14.7
405600;2;202610111200;15.4
405600;2;202610111300;15.6
405600;2;202610111400;15.5
405600;2;202610111500;15.0
405600;2;202610111600;14.2
405600;2;202610111700;13.3
405600;2;202610111800;12.3
405600;2;202610111900;11.3
405600;2;202610112000;10.5
405600;2;202610112100;9.8
405600;2;202610112200;9.2
405600;2;202610112300;8.8
405600;2;202610120000;8.5
